prediction,groundTruth
0.0,0.0
0.057627767,0.069164265
0.15869346,0.250720461
0.31492692,0.417867435
0.48413578,0.536023055
0.60596395,0.804034582
0.6696013,0.864553314
0.68247795,0.930835735
0.64489925,0.913544669
0.55845284,0.786743516
0.4247033,0.616714697
0.25688416,0.397694524
0.11577164,0.144092219
0.03462395,0.037463977
0.0,0.0
