prediction,groundTruth
0.0,0.0
0.04166764,0.069164265
0.106057614,0.250720461
0.23030415,0.417867435
0.40343177,0.536023055
0.5668233,0.804034582
0.6735952,0.864553314
0.7217663,0.930835735
0.7171059,0.913544669
0.6548452,0.786743516
0.5289225,0.616714697
0.35400042,0.397694524
0.17987677,0.144092219
0.058238298,0.037463977
0.0,0.0
