prediction,groundTruth
0.0,0.0
0.08155885,0.069164265
0.1622259,0.250720461
0.29865214,0.417867435
0.43962803,0.536023055
0.5684767,0.804034582
0.6504142,0.864553314
0.6716094,0.930835735
0.6340792,0.913544669
0.53777903,0.786743516
0.40454412,0.616714697
0.2636458,0.397694524
0.13351557,0.144092219
0.06549235,0.037463977
0.0,0.0
