prediction,groundTruth
0.0,0.0
0.03274399,0.069164265
0.19609916,0.250720461
0.41266483,0.417867435
0.5985745,0.536023055
0.7692633,0.804034582
0.827125,0.864553314
0.8808298,0.930835735
0.90749454,0.913544669
0.8625746,0.786743516
0.7158819,0.616714697
0.5108253,0.397694524
0.26527727,0.144092219
0.066650465,0.037463977
0.0,0.0
