prediction,groundTruth
0.0,0.0
0.059217807,0.069164265
0.1404128,0.250720461
0.3268985,0.417867435
0.6249874,0.536023055
0.8852849,0.804034582
0.97270125,0.864553314
0.8724328,0.930835735
0.75309074,0.913544669
0.67123073,0.786743516
0.6632769,0.616714697
0.585432,0.397694524
0.34882918,0.144092219
0.1135035,0.037463977
0.0,0.0
